@teamtigress,0
A Noi,0
a24e,0
Aava,0
Adrienne,0
Aedis,0
Alamak,0
Albatros,0
ALBATROS,0
Albatros,0
ALBATROS,0
Albatros,0
ALBATROS,0
Alice,0
Alice,0
Alicia,0
Aloha,0
Althane,0
Althane,0
Althane,0
Amanda,0
Amarone,0
Amuse,0
Andrew,0
Angkor,0
Angkor,0
Anzur,0
Aquafrolic,0
Aranui,0
Arruno,0
Associate3,0
Athene,0
Avel Biz,0
Balam,0
Barefoot,0
Barracuda of Islay,0
Blonde Moment,0
Blue Bayou,0
Blue Top,0
Bob,0
Boxcar XLV,0
Brag,0
Caliope,0
Carioca,0
Cassiopeia,0
Celeste of Solent,0
Celeste of Solent,0
Celeste of Solent,0
Chablis,0
Challenger 1,0
Challenger 1,0
Challenger 1,0
Challenger 2,0
Challenger 2,0
Challenger 2,0
Chantana,0
Chantana,0
Cheri,0
Clare,0
Clare,0
Clare,0
Dante's,0
Dew,0
Djualyn,0
Dorado,0
Dorado,0
Dorado,0
Duale,0
Ecover of Skagen,0
Ecover of Skagen,0
Ecover of Skagen,0
EH01,0
Ellen,0
Ellen,0
Emily Morgan,0
Emily Morgan,0
Engla,0
Enigma VIII,0
Enigma VIII,0
Enigma VIII,0
Estrella,0
Eva,0
Flying Merlin,0
Garbin2,0
Geronimo,0
Godspeed,0
Golok,0
Gregal V,0
Gregal V,0
Grey Goose,0
Gust of Wind,0
Gust of Wind,0
Guyader Gastronomie,0
Hot Stuff,0
Indian Summer,0
Infinity,0
Infinity of Yar,0
Interlude,0
Into the Blue,0
Into the Blue,0
Jacky X,0
Jinja,0
Jua Kali,0
Juba,0
Julia,0
Just Joia,0
Just Joia,0
Kallima,0
KALU' III,0
Kapalai,0
Khaleesi,0
Kindred Spirit,0
Knot On Call,0
Knot On Call,0
Knotty Girl,0
La Cigale,0
La Pecadora,0
La Pecadora,0
La Pecadora,0
Lazy Way,0
Lei Lei,0
Lei Lei,0
Lib√©lula,0
Lilith,0
Lilith,0
Lin Bi Lan,0
Lothlorien,0
Lucky Lady,0
Lumikki,0
Luna,0
Luna of Castletown,0
Luna of Castletown,0
Lykke,0
Mad Monkey,0
Madelene II,0
Madelene II,0
Madelene II,0
Manihi,0
Mar-Jolie,0
Marlin,0
Marlin,0
Matenka,0
Mbolo,0
Mbolo,0
Mbolo,0
Meltemi,0
Micoton 7,0
Milanto,0
Mischief,0
Moondragon,0
Moose Of Poole,0
Moose Of Poole,0
Moose Of Poole,0
More Amore,0
Mustique,0
Mustique,0
Mustique,0
Muttley,0
Nada,0
Naylamp,0
Naylamp,0
Nereida,0
Nereida,0
Nereida,0
Ngahue IV,0
Nikita,0
Nikita,0
Nisida,0
Njord,0
North Star,0
NorXL,0
NoStress,0
Nutcracker,0
Odessa,0
Optim'x,0
Pamela,0
Passepartout,0
Pata Negra,0
Pata Negra,0
Peer Gynt,0
Pelican,0
Pelizeno,0
Pinta,0
Pixel,0
Queen Bee,0
Quiset,0
Quokka 8,0
Raftkin,0
Rapido,0
Rapido,0
Region33,0
Rubikon,0
Saga,0
Salamander,0
Salsa,0
Santjana,0
Saudade,0
Saudade,0
Saudade,0
Scarlet Island Girl,0
Sea Candy,0
Sea Change II,0
Selene,0
Sequentia,0
Shah,0
Shimna,0
Sissi,0
Skiathos,0
Solair,0
Solair,0
Solid White,0
Southern Star,0
Southern Star,0
Southern Star,0
Summer Star,0
Sunrise,0
Surya,0
Surya,0
Susan Ann II,0
Tairua,0
Talanta,0
Talulah Ruby II,0
Tapati Nui,0
Think Twice,0
Thunderboat,0
Thyra,0
Tiffin,0
Togina,0
Tommy,0
Tommy,0
Tranquilo,0
Trident Tides,0
Trifon,0
Trimley Maid,0
Tugela,0
Tugela,0
Tugela,0
Umoya of London,0
Vahine,0
Vahine,0
Vahine,0
Victory Cat,0
Wabi,0
Wink,0
Wink,0
Wink,0
X86,0
Zwerver,0
